{
    "metadata":{
        "type":"BufferGeometry",
        "version":3,
        "generator":"io_three",
        "position":49,
        "normal":49
    },
    "data":{
        "groups":[{
            "start":0,
            "materialIndex":0,
            "count":144
        }],
        "index":{
            "type":"Uint16Array",
            "array":[0,1,2,3,4,2,5,0,2,6,7,2,7,3,2,8,5,2,9,6,2,10,8,2,11,9,2,12,10,2,13,11,2,14,12,2,15,13,2,16,14,2,1,15,2,4,16,2,17,18,19,20,21,22,23,24,17,25,26,27,27,28,20,29,30,23,31,32,25,33,34,29,35,36,31,37,38,33,39,40,35,41,42,37,43,44,39,45,46,41,19,47,43,22,48,45,17,24,18,20,28,21,23,30,24,25,32,26,27,26,28,29,34,30,31,36,32,33,38,34,35,40,36,37,42,38,39,44,40,41,46,42,43,47,44,45,48,46,19,18,47,22,21,48],
            "itemSize":1
        },
        "attributes":{
            "position":{
                "type":"Float32Array",
                "array":[-0.363413,1.58853e-08,0.363413,-0.474822,8.59707e-09,0.196678,-4.18911e-08,-1.11098e-15,-2.54163e-08,0.363413,-1.58853e-08,-0.363414,0.474822,-8.59708e-09,-0.196678,-0.196678,2.07551e-08,0.474822,-2.23517e-07,-2.24652e-08,-0.513944,0.196678,-2.07551e-08,-0.474822,5.96046e-08,2.24652e-08,0.513944,-0.196678,-2.07551e-08,-0.474822,0.196678,2.07551e-08,0.474822,-0.363413,-1.58853e-08,-0.363413,0.363413,1.58853e-08,0.363413,-0.474822,-8.59705e-09,-0.196678,0.474822,8.59705e-09,0.196678,-0.513944,9.76996e-15,2.23517e-07,0.513944,-1.33227e-14,-3.27826e-07,-0.363413,1.58853e-08,0.363413,-0.68451,1.61834,0.283534,-0.474822,8.59707e-09,0.196678,0.363413,-1.58853e-08,-0.363414,0.68451,1.61834,-0.283534,0.474822,-8.59708e-09,-0.196678,-0.196678,2.07551e-08,0.474822,-0.523901,1.61834,0.523901,-2.23517e-07,-2.24652e-08,-0.513944,0.283533,1.61834,-0.68451,0.196678,-2.07551e-08,-0.474822,0.523901,1.61834,-0.523902,5.96046e-08,2.24652e-08,0.513944,-0.283533,1.61834,0.68451,-0.196678,-2.07551e-08,-0.474822,-2.98023e-07,1.61834,-0.740908,0.196678,2.07551e-08,0.474822,1.19209e-07,1.61834,0.740908,-0.363413,-1.58853e-08,-0.363413,-0.283534,1.61834,-0.68451,0.363413,1.58853e-08,0.363413,0.283533,1.61834,0.68451,-0.474822,-8.59705e-09,-0.196678,-0.523902,1.61834,-0.523901,0.474822,8.59705e-09,0.196678,0.523901,1.61834,0.523901,-0.513944,9.76996e-15,2.23517e-07,-0.68451,1.61834,-0.283533,0.513944,-1.33227e-14,-3.27826e-07,0.68451,1.61834,0.283533,-0.740908,1.61834,2.86888e-07,0.740908,1.61834,-5.47577e-07],
                "itemSize":3
            },
            "normal":{
                "type":"Float32Array",
                "array":[0,-1,0,0,-1,0,0,-1,0,0,-1,0,0,-1,0,0,-1,0,0,-1,0,0,-1,0,0,-1,0,0,-1,0,0,-1,0,0,-1,0,0,-1,0,0,-1,0,0,-1,0,0,-1,0,0,-1,0,-0.700247,-0.138859,0.700247,-0.914914,-0.138859,0.378948,-0.914914,-0.138859,0.378948,0.700247,-0.138859,-0.700247,0.914914,-0.138859,-0.378948,0.914914,-0.138859,-0.378948,-0.378948,-0.138859,0.914914,-0.700247,-0.138859,0.700247,0,-0.138859,-0.990295,0.378948,-0.138859,-0.914914,0.378948,-0.138859,-0.914914,0.700247,-0.138859,-0.700247,0,-0.138859,0.990295,-0.378948,-0.138859,0.914914,-0.378948,-0.138859,-0.914914,0,-0.138859,-0.990295,0.378948,-0.138859,0.914914,0,-0.138859,0.990295,-0.700247,-0.138859,-0.700247,-0.378948,-0.138859,-0.914914,0.700247,-0.138859,0.700247,0.378948,-0.138859,0.914914,-0.914914,-0.138859,-0.378948,-0.700247,-0.138859,-0.700247,0.914914,-0.138859,0.378948,0.700247,-0.138859,0.700247,-0.990295,-0.138859,0,-0.914914,-0.138859,-0.378948,0.990295,-0.138859,0,0.914914,-0.138859,0.378948,-0.990295,-0.138859,0,0.990295,-0.138859,0],
                "itemSize":3
            }
        }
    }
}