{
    "metadata":{
        "faces":64,
        "version":3,
        "vertices":49,
        "uvs":1,
        "type":"Geometry",
        "normals":42,
        "generator":"io_three"
    },
    "faces":[40,4,30,11,0,1,2,0,1,2,40,10,32,11,3,4,2,3,4,2,40,5,4,11,5,0,2,5,0,2,40,1,0,11,6,7,2,6,6,2,40,0,10,11,7,3,2,6,3,2,40,6,5,11,8,5,2,5,5,2,40,2,1,11,9,6,2,6,6,2,40,7,6,11,10,8,2,5,5,2,40,3,2,11,11,9,2,7,6,2,40,8,7,11,12,10,2,8,5,2,40,9,8,11,13,12,2,4,8,2,40,29,28,11,14,15,2,1,1,2,40,31,9,11,16,13,2,4,4,2,40,30,29,11,1,14,2,1,1,2,40,32,31,11,4,16,2,4,4,2,41,30,4,19,20,17,18,19,20,1,0,9,10,41,32,10,27,12,21,22,23,24,4,3,11,12,41,4,5,18,19,18,25,26,19,0,5,13,9,41,0,1,25,26,27,28,29,30,6,6,14,15,41,10,0,26,27,22,27,30,23,3,6,15,11,41,5,6,17,18,25,31,32,26,5,5,16,13,41,1,2,24,25,33,34,35,36,6,6,17,14,41,6,7,16,17,31,37,38,32,5,5,18,16,41,2,3,23,24,34,39,40,35,6,7,19,17,41,7,8,15,16,41,42,43,44,5,8,20,18,41,3,28,22,23,39,45,46,40,7,1,21,19,41,8,9,14,15,42,47,48,43,8,4,22,20,41,28,29,21,22,45,49,50,46,1,1,23,21,41,9,31,13,14,47,51,52,48,4,4,24,22,41,29,30,20,21,53,54,55,56,1,1,10,23,41,31,32,12,13,57,21,24,58,4,4,12,24,41,30,41,40,4,59,60,61,62,1,25,26,0,41,32,33,48,10,63,64,65,66,4,27,28,3,41,4,40,39,5,62,61,67,68,0,26,29,5,41,0,47,46,1,69,70,71,72,6,30,31,6,41,47,0,10,48,70,69,66,65,30,6,3,28,41,5,39,38,6,68,67,73,74,5,29,32,5,41,1,46,45,2,75,76,77,78,6,31,33,6,41,6,38,37,7,79,80,81,82,5,32,34,5,41,2,45,44,3,78,77,83,84,6,33,35,7,41,7,37,36,8,82,81,85,86,5,34,36,8,41,3,44,43,28,84,83,87,88,7,35,37,1,41,8,36,35,9,86,85,89,90,8,36,38,4,41,28,43,42,29,88,87,91,92,1,37,39,1,41,9,35,34,31,90,89,93,94,4,38,40,4,41,29,42,41,30,95,54,96,97,1,39,25,1,41,31,34,33,32,98,99,64,63,4,40,27,4,40,3,11,28,11,2,15,41,41,41,41,27,26,47,48,100,101,102,103,11,15,30,28,41,12,27,48,33,104,100,103,105,12,11,28,27,41,13,12,33,34,106,104,105,107,24,12,27,40,41,14,13,34,35,108,106,107,109,22,24,40,38,41,15,14,35,36,110,108,109,111,20,22,38,36,41,16,15,36,37,112,110,111,113,18,20,36,34,41,17,16,37,38,114,112,113,115,16,18,34,32,41,18,17,38,39,116,114,115,117,13,16,32,29,41,19,18,39,40,118,116,117,119,9,13,29,26,41,20,19,40,41,120,118,119,121,10,9,26,25,41,21,20,41,42,122,120,121,123,23,10,25,39,41,22,21,42,43,124,122,123,125,21,23,39,37,41,23,22,43,44,126,124,125,127,19,21,37,35,41,24,23,44,45,128,126,127,129,17,19,35,33,41,25,24,45,46,130,128,129,131,14,17,33,31,41,26,25,46,47,101,130,131,102,15,14,31,30],
    "normals":[-3.05185e-05,-0.999969,3.05185e-05,-3.05185e-05,-0.999969,0,0,-1,0,3.05185e-05,-0.999969,-3.05185e-05,3.05185e-05,-0.999969,0,0,-0.999969,3.05185e-05,0,-0.999969,-3.05185e-05,-3.05185e-05,-0.999969,-3.05185e-05,3.05185e-05,-0.999969,3.05185e-05,-0.584338,0.563066,0.584338,-0.763482,0.563066,0.316233,0.584338,0.563066,-0.584338,0.763482,0.563066,-0.316233,-0.316233,0.563066,0.763482,0,0.563066,-0.82638,0.316233,0.563066,-0.763482,0,0.563066,0.82638,-0.316233,0.563066,-0.763482,0.316233,0.563066,0.763482,-0.584338,0.563066,-0.584338,0.584338,0.563066,0.584338,-0.763482,0.563066,-0.316233,0.763482,0.563066,0.316233,-0.82638,0.563066,0,0.82638,0.563066,0,0.509995,0.833796,-0.211249,0.390332,0.833796,-0.390332,-0.509995,0.833796,0.211249,-0.390332,0.833796,0.390332,0.211249,0.833796,-0.509995,-0.211249,0.833796,0.509995,0,0.833796,0.552019,0,0.833796,-0.552019,0.211249,0.833796,0.509995,-0.211249,0.833796,-0.509995,0.390332,0.833796,0.390332,-0.390332,0.833796,-0.390332,0.509995,0.833796,0.211249,-0.509995,0.833796,-0.211249,0.552019,0.833796,0,-0.552019,0.833796,0,0,-1,4.37114e-08],
    "vertices":[0.196678,-2.07551e-08,-0.474822,-2.23517e-07,-2.24652e-08,-0.513944,-0.196678,-2.07551e-08,-0.474822,-0.363413,-1.58853e-08,-0.363413,-0.363413,1.58853e-08,0.363413,-0.196678,2.07551e-08,0.474822,5.96046e-08,2.24652e-08,0.513944,0.196678,2.07551e-08,0.474822,0.363413,1.58853e-08,0.363413,0.474822,8.59705e-09,0.196678,0.363413,-1.58853e-08,-0.363414,-4.18911e-08,-1.11098e-15,-2.54163e-08,0.68451,1.61834,-0.283534,0.740908,1.61834,-5.47577e-07,0.68451,1.61834,0.283533,0.523901,1.61834,0.523901,0.283533,1.61834,0.68451,1.19209e-07,1.61834,0.740908,-0.283533,1.61834,0.68451,-0.523901,1.61834,0.523901,-0.68451,1.61834,0.283534,-0.740908,1.61834,2.86888e-07,-0.68451,1.61834,-0.283533,-0.523902,1.61834,-0.523901,-0.283534,1.61834,-0.68451,-2.98023e-07,1.61834,-0.740908,0.283533,1.61834,-0.68451,0.523901,1.61834,-0.523902,-0.474822,-8.59705e-09,-0.196678,-0.513944,9.76996e-15,2.23517e-07,-0.474822,8.59707e-09,0.196678,0.513944,-1.33227e-14,-3.27826e-07,0.474822,-8.59708e-09,-0.196678,0.638764,1.62528,-0.264585,0.691394,1.62528,-1.51646e-06,0.638764,1.62528,0.264585,0.488889,1.62528,0.48889,0.264585,1.62528,0.638764,1.10269e-06,1.62528,0.691394,-0.264585,1.62528,0.638764,-0.48889,1.62528,0.488889,-0.638764,1.62528,0.264585,-0.691394,1.62528,1.27006e-06,-0.638765,1.62528,-0.264585,-0.488889,1.62528,-0.48889,-0.264585,1.62528,-0.638764,-1.2815e-06,1.62528,-0.691394,0.264585,1.62528,-0.638765,0.48889,1.62528,-0.488889],
    "uvs":[[0.422174,0.90536,0.380058,0.889038,0.444966,0.798146,0.467759,0.690932,0.509875,0.707254,0.467759,0.90536,0.380058,0.707254,0.422174,0.690932,0.509875,0.889038,0.347824,0.737414,0.542108,0.858878,0.33038,0.77682,0.559553,0.819472,0.559553,0.77682,0.347824,0.858878,0.33038,0.819472,0.542108,0.737414,0.203792,0.654588,0.161677,0.654206,0.172902,0.309315,0.233615,0.309866,0.490019,0.69055,0.447902,0.690416,0.456809,0.345466,0.517524,0.345659,0.116092,0.654072,0.107186,0.309122,0.402317,0.69055,0.360203,0.690932,0.33038,0.34621,0.391092,0.345659,0.0739761,0.654206,0.0464708,0.309316,0.522254,0.345466,0.490019,0.345084,0.517524,0.000193412,0.563995,0.000744031,0.0417408,0.654588,0,0.309866,0.447902,0.34495,0.456809,0,0.810662,0.345734,0.852777,0.345992,0.842712,0.690914,0.781997,0.690542,0.402317,0.345084,0.391092,0.000193386,0.898363,0.345992,0.908428,0.690914,0.360203,0.345466,0.33038,0.00074398,0.940478,0.345734,0.969143,0.690542,0.247824,0.310986,0.280001,0.309122,0.280001,0.654972,0.233615,0.657658,0.522254,0.690932,0.563995,0.34621,0.0224109,0.999742,0,0.654588,0.0566564,0.654935,0.0645264,1,0.715061,0.345868,0.738632,0.690955,0.681975,0.690774,0.672945,0.345734,0.117981,0.654935,0.110112,1,0.62736,0.345868,0.62065,0.690955,0.563995,0.691469,0.585246,0.34625,0.174638,0.654588,0.152227,0.999742,0.965299,0.000516097,1,0.345734,0.956635,0.34522,0.933064,0.000134128,0.747297,0.000516099,0.781997,0.345734,0.738632,0.34522,0.715061,0.000134128,0.899978,0.34504,0.890948,0,0.681975,0.34504,0.672945,0,0.838653,0.34522,0.845363,0.000134141,0.62065,0.34522,0.62736,0.000134131,0.781997,0.345734,0.803248,0.00051611,0.563995,0.345734,0.585246,0.000516102,0.291099,0.655708,0.323242,0.312223,0.323242,0.658013,0.747297,0.34625,0.781997,0.691469,0.198048,0.309122,0.132332,0.309122,0.134527,0.298793,0.195852,0.298793,0.258762,0.285592,0.252509,0.276835,0.305231,0.242113,0.295872,0.236262,0.33038,0.185305,0.31934,0.183251,0.33038,0.123817,0.31934,0.125871,0.305231,0.0670092,0.295872,0.0728603,0.258762,0.0235305,0.252509,0.0322873,0.198048,0,0.195852,0.0103293,0.132332,0,0.134527,0.0103292,0.0716173,0.0235305,0.0778708,0.0322873,0.0251487,0.0670092,0.0345076,0.0728601,0,0.123817,0.0110396,0.125872,0,0.185305,0.0110396,0.183251,0.0251487,0.242113,0.0345076,0.236262,0.0716173,0.285592,0.0778705,0.276835]]
}