{
    "vertices":[0.196678,-2.07551e-08,-0.474822,-2.23517e-07,-2.24652e-08,-0.513944,-0.196678,-2.07551e-08,-0.474822,-0.363413,-1.58853e-08,-0.363413,-0.363413,1.58853e-08,0.363413,-0.196678,2.07551e-08,0.474822,5.96046e-08,2.24652e-08,0.513944,0.196678,2.07551e-08,0.474822,0.363413,1.58853e-08,0.363413,0.474822,8.59705e-09,0.196678,0.363413,-1.58853e-08,-0.363414,-4.18911e-08,-1.11098e-15,-2.54163e-08,0.68451,1.61834,-0.283534,0.740908,1.61834,-5.47577e-07,0.68451,1.61834,0.283533,0.523901,1.61834,0.523901,0.283533,1.61834,0.68451,1.19209e-07,1.61834,0.740908,-0.283533,1.61834,0.68451,-0.523901,1.61834,0.523901,-0.68451,1.61834,0.283534,-0.740908,1.61834,2.86888e-07,-0.68451,1.61834,-0.283533,-0.523902,1.61834,-0.523901,-0.283534,1.61834,-0.68451,-2.98023e-07,1.61834,-0.740908,0.283533,1.61834,-0.68451,0.523901,1.61834,-0.523902,-0.474822,-8.59705e-09,-0.196678,-0.513944,9.76996e-15,2.23517e-07,-0.474822,8.59707e-09,0.196678,0.513944,-1.33227e-14,-3.27826e-07,0.474822,-8.59708e-09,-0.196678,0.638764,1.62528,-0.264585,0.691394,1.62528,-1.51646e-06,0.638764,1.62528,0.264585,0.488889,1.62528,0.48889,0.264585,1.62528,0.638764,1.10269e-06,1.62528,0.691394,-0.264585,1.62528,0.638764,-0.48889,1.62528,0.488889,-0.638764,1.62528,0.264585,-0.691394,1.62528,1.27006e-06,-0.638765,1.62528,-0.264585,-0.488889,1.62528,-0.48889,-0.264585,1.62528,-0.638764,-1.2815e-06,1.62528,-0.691394,0.264585,1.62528,-0.638765,0.48889,1.62528,-0.488889],
    "faces":[40,4,30,11,0,1,2,0,1,2,40,10,32,11,3,4,2,3,4,2,40,5,4,11,5,0,2,5,0,2,40,1,0,11,6,7,2,6,6,2,40,0,10,11,7,3,2,6,3,2,40,6,5,11,8,5,2,5,5,2,40,2,1,11,9,6,2,6,6,2,40,7,6,11,10,8,2,5,5,2,40,3,2,11,11,9,2,7,6,2,40,8,7,11,12,10,2,8,5,2,40,9,8,11,13,12,2,4,8,2,40,29,28,11,14,15,2,1,1,2,40,31,9,11,16,13,2,4,4,2,40,30,29,11,1,14,2,1,1,2,40,32,31,11,4,16,2,4,4,2,41,30,4,19,20,17,18,19,20,1,0,9,10,41,32,10,27,12,21,22,23,24,4,3,11,12,41,4,5,18,19,18,25,26,19,0,5,13,9,41,0,1,25,26,27,28,29,30,6,6,14,15,41,10,0,26,27,22,27,30,23,3,6,15,11,41,5,6,17,18,25,31,32,26,5,5,16,13,41,1,2,24,25,33,34,35,36,6,6,17,14,41,6,7,16,17,31,37,38,32,5,5,18,16,41,2,3,23,24,34,39,40,35,6,7,19,17,41,7,8,15,16,41,42,43,44,5,8,20,18,41,3,28,22,23,39,45,46,40,7,1,21,19,41,8,9,14,15,42,47,48,43,8,4,22,20,41,28,29,21,22,45,49,50,46,1,1,23,21,41,9,31,13,14,47,51,52,48,4,4,24,22,41,29,30,20,21,53,54,55,56,1,1,10,23,41,31,32,12,13,57,21,24,58,4,4,12,24,41,30,41,40,4,59,60,61,62,1,25,26,0,41,32,33,48,10,63,64,65,66,4,27,28,3,41,4,40,39,5,62,61,67,68,0,26,29,5,41,0,47,46,1,69,70,71,72,6,30,31,6,41,47,0,10,48,70,69,66,65,30,6,3,28,41,5,39,38,6,68,67,73,74,5,29,32,5,41,1,46,45,2,75,76,77,78,6,31,33,6,41,6,38,37,7,79,80,81,82,5,32,34,5,41,2,45,44,3,78,77,83,84,6,33,35,7,41,7,37,36,8,82,81,85,86,5,34,36,8,41,3,44,43,28,84,83,87,88,7,35,37,1,41,8,36,35,9,86,85,89,90,8,36,38,4,41,28,43,42,29,88,87,91,92,1,37,39,1,41,9,35,34,31,90,89,93,94,4,38,40,4,41,29,42,41,30,95,96,97,98,1,39,25,1,41,31,34,33,32,99,100,64,63,4,40,27,4,40,3,11,28,11,2,15,41,41,41,41,27,26,47,48,101,102,103,104,11,15,30,28,41,12,27,48,33,105,101,104,106,12,11,28,27,41,13,12,33,34,107,105,106,108,24,12,27,40,41,14,13,34,35,109,107,108,110,22,24,40,38,41,15,14,35,36,111,109,110,112,20,22,38,36,41,16,15,36,37,113,111,112,114,18,20,36,34,41,17,16,37,38,115,113,114,116,16,18,34,32,41,18,17,38,39,117,115,116,118,13,16,32,29,41,19,18,39,40,119,117,118,120,9,13,29,26,41,20,19,40,41,121,119,120,122,10,9,26,25,41,21,20,41,42,123,121,122,124,23,10,25,39,41,22,21,42,43,125,123,124,126,21,23,39,37,41,23,22,43,44,127,125,126,128,19,21,37,35,41,24,23,44,45,129,127,128,130,17,19,35,33,41,25,24,45,46,131,129,130,132,14,17,33,31,41,26,25,46,47,102,131,132,103,15,14,31,30],
    "uvs":[[0.463189,0.567469,0.421074,0.551147,0.485982,0.460255,0.508775,0.353041,0.55089,0.369364,0.508775,0.567469,0.421074,0.369364,0.463189,0.353041,0.55089,0.551147,0.38884,0.399524,0.583124,0.520987,0.371395,0.438929,0.600569,0.481582,0.600569,0.438929,0.38884,0.520987,0.371395,0.481582,0.583124,0.399524,0.613322,0.438836,0.612282,0.393445,0.984284,0.39365,0.985783,0.459086,0.930265,0.79599,0.921847,0.840605,0.557958,0.763381,0.570094,0.699062,0.610855,0.344323,0.982227,0.322835,0.913031,0.888951,0.905161,0.933666,0.533903,0.897539,0.54525,0.833076,0.609259,0.298948,0.979925,0.257422,0.58025,0.650176,0.587016,0.616088,0.94711,0.713302,0.937356,0.762444,0.607736,0.264228,0.97773,0.207369,0.59547,0.571479,0.959297,0.648993,0.606964,0.259565,0.597211,0.215222,0.962269,0.143706,0.976329,0.207632,0.604324,0.52314,0.972061,0.579307,0.586361,0.167292,0.946627,0.0746097,0.61223,0.478431,0.983459,0.514854,0.576065,0.123071,0.931785,0.0108613,0.614703,0.47621,0.614603,0.441465,0.986879,0.461956,0.987022,0.512045,0.937004,0.761896,0.579809,0.649912,0.383472,0.623581,0.0436486,0.688029,0.0370652,0.631755,0.378578,0.581749,0.375692,0.293554,0.0322808,0.252216,0.0430467,0.196591,0.383695,0.252205,0.0295662,0.57089,0.373004,0.536506,0.392083,0.207398,0.0543303,0.136313,0.064414,0.0805595,0.399578,0.165954,0.0222939,0.514701,0.367598,0.494738,0.425945,0.828645,0.0980836,0.942164,0.0885648,0.899854,0.418869,0.797194,0.363524,0.488981,0.0174869,0.514248,0.0191841,0.470913,0.364785,0.456769,0.0756505,0.844687,0.40927,0.756186,0.0209107,0.414282,0.366069,0.414672,0.0613069,0.785063,0.398607,0.711865,0.022404,0.352975,0.367179,0.3691,0.0477176,0.73006,0.388506,0.670978,0.0234364,0.296326,0.367946,0.326991,0.046562,0.694196,0.386393,0.625202,0.390579,0.668352,0.0496736,0.726272,0.369292,0.32515,0.0236714,0.294721,0.516196,0.349284,0.478246,0.349284,0.479515,0.343319,0.514928,0.343319,0.551256,0.335696,0.547645,0.330639,0.57809,0.310588,0.572686,0.30721,0.592613,0.277784,0.586238,0.276597,0.592613,0.242276,0.586238,0.243462,0.57809,0.209471,0.572686,0.21285,0.551256,0.184364,0.547645,0.189421,0.516196,0.170776,0.514928,0.176741,0.478246,0.170776,0.479514,0.176741,0.443186,0.184364,0.446797,0.189421,0.416352,0.209471,0.421756,0.21285,0.401829,0.242276,0.408204,0.243463,0.401829,0.277784,0.408204,0.276597,0.416352,0.310588,0.421756,0.307209,0.443186,0.335696,0.446797,0.330639]],
    "metadata":{
        "vertices":49,
        "type":"Geometry",
        "version":3,
        "normals":42,
        "generator":"io_three",
        "uvs":1,
        "faces":64
    },
    "normals":[-3.05185e-05,-0.999969,3.05185e-05,-3.05185e-05,-0.999969,0,0,-1,0,3.05185e-05,-0.999969,-3.05185e-05,3.05185e-05,-0.999969,0,0,-0.999969,3.05185e-05,0,-0.999969,-3.05185e-05,-3.05185e-05,-0.999969,-3.05185e-05,3.05185e-05,-0.999969,3.05185e-05,-0.584338,0.563066,0.584338,-0.763482,0.563066,0.316233,0.584338,0.563066,-0.584338,0.763482,0.563066,-0.316233,-0.316233,0.563066,0.763482,0,0.563066,-0.82638,0.316233,0.563066,-0.763482,0,0.563066,0.82638,-0.316233,0.563066,-0.763482,0.316233,0.563066,0.763482,-0.584338,0.563066,-0.584338,0.584338,0.563066,0.584338,-0.763482,0.563066,-0.316233,0.763482,0.563066,0.316233,-0.82638,0.563066,0,0.82638,0.563066,0,0.509995,0.833796,-0.211249,0.390332,0.833796,-0.390332,-0.509995,0.833796,0.211249,-0.390332,0.833796,0.390332,0.211249,0.833796,-0.509995,-0.211249,0.833796,0.509995,0,0.833796,0.552019,0,0.833796,-0.552019,0.211249,0.833796,0.509995,-0.211249,0.833796,-0.509995,0.390332,0.833796,0.390332,-0.390332,0.833796,-0.390332,0.509995,0.833796,0.211249,-0.509995,0.833796,-0.211249,0.552019,0.833796,0,-0.552019,0.833796,0,0,-1,4.37114e-08]
}