{
    "metadata":{
        "faces":56,
        "version":3,
        "vertices":56,
        "uvs":1,
        "type":"Geometry",
        "normals":56,
        "generator":"io_three"
    },
    "faces":[41,0,10,11,15,2,3,0,1,0,1,2,3,41,12,14,15,11,4,5,6,7,4,5,3,2,40,13,14,12,8,9,10,6,5,4,41,10,0,16,17,13,14,11,12,1,0,7,8,41,19,18,17,16,15,16,17,18,9,10,8,7,41,21,20,18,19,19,20,21,22,11,12,10,9,41,23,22,20,21,23,24,25,26,13,14,12,11,41,1,9,22,23,27,28,29,30,15,16,14,13,41,24,25,9,1,31,32,33,34,17,18,16,15,41,26,27,8,2,35,36,37,38,19,20,21,22,41,4,6,7,3,39,40,41,42,23,24,25,26,40,5,6,4,43,44,45,27,24,23,41,2,8,25,24,46,47,48,49,22,21,18,17,41,3,7,27,26,50,51,52,53,26,25,20,19,41,39,38,28,43,54,55,56,57,28,29,30,31,41,40,39,43,42,58,59,48,60,32,28,31,33,40,41,40,42,61,62,63,34,32,33,41,44,28,38,45,64,65,66,67,35,30,29,36,41,47,44,45,46,68,69,70,71,37,35,36,38,41,49,47,46,48,72,73,74,75,39,37,38,40,41,51,49,48,50,76,77,78,79,41,39,40,42,41,29,51,50,37,80,81,82,83,43,41,42,44,41,52,29,37,53,84,85,86,87,45,43,44,46,41,54,30,36,55,88,89,6,90,47,48,49,50,41,32,31,35,34,91,92,93,94,51,52,53,54,40,33,32,34,95,96,97,55,51,54,41,30,52,53,36,98,99,85,100,48,45,46,49,41,31,54,55,35,101,102,103,104,52,47,50,53,41,16,0,28,44,105,106,107,108,7,0,30,35,41,24,1,29,52,109,110,111,112,17,15,43,45,41,26,2,30,54,113,114,115,116,19,22,48,47,41,4,3,31,32,117,118,119,120,23,26,52,51,41,5,4,32,33,121,117,120,122,27,23,51,55,41,6,5,33,34,123,121,122,124,24,27,55,54,41,7,6,34,35,125,123,124,126,25,24,54,53,41,27,7,35,55,127,128,129,130,20,25,53,50,41,25,8,36,53,131,132,133,134,18,21,49,46,41,22,9,37,50,135,136,137,138,14,16,44,42,41,11,10,38,39,139,140,141,142,2,1,29,28,41,12,11,39,40,143,144,145,146,4,2,28,32,41,13,12,40,41,147,143,146,148,6,4,32,34,41,14,13,41,42,149,147,148,150,5,6,34,33,41,15,14,42,43,151,149,150,152,3,5,33,31,41,0,15,43,28,106,153,154,107,0,3,31,30,41,19,16,44,47,155,105,108,156,9,7,35,37,41,10,17,45,38,140,157,158,141,1,8,36,29,41,17,18,46,45,157,159,160,158,8,10,38,36,41,21,19,47,49,161,155,156,162,11,9,37,39,41,18,20,48,46,159,163,164,160,10,12,40,38,41,23,21,49,51,165,161,162,166,13,11,39,41,41,20,22,50,48,163,135,138,164,12,14,42,40,41,1,23,51,29,110,165,166,111,15,13,41,43,41,2,24,52,30,114,109,112,115,22,17,45,48,41,9,25,53,37,136,131,134,137,16,18,46,44,41,3,26,54,31,167,113,116,168,26,19,47,52,41,8,27,55,36,132,127,130,133,21,20,50,49],
    "normals":[0.316538,0.636402,-0.703391,0.316538,0.636402,0.703391,0.527421,0.660237,0.534654,0.527421,0.660237,-0.534654,0.689505,0.665578,0.285592,0.689474,0.665578,-0.285592,0.746178,0.6657,0,0.402692,0.50441,-0.763787,0.402692,0.50441,0.763787,0.593158,-0.00372326,-0.805048,0.593158,-0.00372326,0.805048,0.452651,-0.441603,-0.774621,0.452651,-0.441603,0.774621,0.171545,-0.638417,-0.750298,0.171545,-0.638417,0.750298,0.105228,-0.635731,-0.764672,0.105228,-0.635731,0.764672,0.104526,-0.696127,-0.710227,0.104526,-0.696127,0.710227,0.0947295,-0.810297,-0.578295,0.0946989,-0.810297,0.578295,0.145024,-0.712882,0.686087,0.145024,-0.712882,-0.686087,0.184667,-0.945708,-0.267373,0.184667,-0.945708,0.267373,0.114933,-0.852351,0.510117,0.114963,-0.852351,-0.510117,0.159337,-0.987213,0,0.521439,-0.668142,0.530686,0.227485,-0.693899,0.683157,0.227485,-0.693899,-0.683157,0.521439,-0.668142,-0.530717,0.689291,-0.665822,0.285501,0.689291,-0.665822,-0.285501,0.746178,-0.6657,0,-0.217322,-0.756157,-0.617206,-0.217322,-0.756157,0.617206,-0.708945,-0.366131,-0.60271,-0.708945,-0.366131,0.60271,-0.729179,0.263619,-0.631489,-0.729179,0.263619,0.631489,-0.44438,0.61388,-0.652364,-0.444411,0.61391,0.652364,-0.0642415,0.679922,-0.73043,-0.0642415,0.679922,0.73043,0.220954,0.711753,-0.666738,0.220954,0.711753,0.666738,0.681112,0.484115,-0.549242,0.480361,0.567858,-0.668386,0.480361,0.567858,0.668386,0.681112,0.484115,0.549242,0.949644,0.155492,-0.27192,0.818903,0.276467,-0.502914,0.818903,0.276467,0.502914,0.949644,0.155492,0.27192,0.998962,0.0455031,0],
    "vertices":[0.276269,1.629,-0.686379,0.317998,1.75357,-0.742931,0.553643,1.72863,-0.686378,0.743237,1.63058,-0.525331,0.864359,1.54897,-0.284307,0.90712,1.51196,2.61736e-07,0.86436,1.54897,0.284307,0.743236,1.63058,0.525331,0.553643,1.72863,0.686378,0.317998,1.75357,0.742931,0.276269,1.629,0.686378,0.525332,1.62852,0.525331,0.686379,1.62852,0.284307,0.742931,1.62852,-4.88418e-07,0.686378,1.62852,-0.284308,0.525331,1.62852,-0.525332,0.220565,1.63393,-0.697046,0.220566,1.63393,0.697046,0.194385,1.65502,0.706469,0.194385,1.65502,-0.70647,0.198393,1.69475,0.716962,0.198393,1.69475,-0.716962,0.240609,1.73353,0.728776,0.240609,1.73353,-0.728776,0.435821,1.75283,-0.714655,0.43582,1.75283,0.714654,0.64913,1.68927,-0.605855,0.64913,1.68927,0.605855,0.275699,1.61902,-0.686379,0.316738,1.76349,-0.742931,0.556268,1.73828,-0.686378,0.748587,1.63903,-0.525331,0.870017,1.55721,-0.284307,0.913664,1.51952,2.31603e-07,0.870017,1.55721,0.284308,0.748587,1.63903,0.525331,0.556268,1.73828,0.686378,0.316737,1.76349,0.742931,0.275699,1.61902,0.686378,0.525317,1.61853,0.525331,0.686379,1.61852,0.284307,0.742931,1.61852,-4.8798e-07,0.686378,1.61852,-0.284308,0.525316,1.61853,-0.525332,0.216427,1.62483,-0.697046,0.216428,1.62483,0.697046,0.184845,1.65203,0.706469,0.184845,1.65203,-0.70647,0.189719,1.69972,0.716962,0.189719,1.69972,-0.716963,0.2361,1.74246,0.728775,0.2361,1.74246,-0.728776,0.436717,1.76279,-0.714655,0.436717,1.76279,0.714654,0.653393,1.69831,-0.605855,0.653392,1.69831,0.605855],