{
    "vertices":[0.264523,1.34637,-0.638616,-2.68221e-07,1.34637,-0.691233,-0.264523,1.34637,-0.638615,-0.488775,1.34637,-0.488775,-0.638616,1.34637,-0.264523,-0.691233,1.34637,2.54073e-07,-0.638615,1.34637,0.264523,-0.488775,1.34637,0.488775,-0.264523,1.34637,0.638615,1.49012e-08,1.34637,0.691232,0.264523,1.34637,0.638615,0.488775,1.34637,0.488775,0.638616,1.34637,0.264523,0.691232,1.34637,-4.61183e-07,0.638615,1.34637,-0.264524,0.488775,1.34637,-0.488776,-5.60291e-08,1.34637,-8.99035e-08],
    "faces":[40,11,10,16,0,1,2,0,0,0,40,4,3,16,3,4,2,1,1,1,40,12,11,16,5,0,2,0,0,0,40,5,4,16,6,3,2,1,1,1,40,13,12,16,7,5,2,0,0,0,40,6,5,16,8,6,2,0,0,0,40,14,13,16,9,7,2,2,2,2,40,7,6,16,10,8,2,0,0,0,40,15,14,16,11,9,2,2,2,2,40,8,7,16,12,10,2,3,3,3,40,1,0,16,13,14,2,2,2,2,40,0,15,16,14,11,2,2,2,2,40,9,8,16,15,12,2,3,3,3,40,2,1,16,16,13,2,1,1,1,40,10,9,16,1,15,2,0,0,0,40,3,2,16,4,16,2,1,1,1],
    "uvs":[[0.9999,0.599437,0.923794,0.783171,0.5,0.5,9.998e-05,0.599436,0.000100071,0.400563,0.9999,0.400564,0.076205,0.78317,0.923795,0.21683,0.216829,0.923795,0.783171,0.0762054,0.400563,0.9999,0.599436,0.000100071,0.599436,0.9999,0.21683,0.076205,0.400564,9.998e-05,0.78317,0.923795,0.0762054,0.216829]],
    "metadata":{
        "vertices":17,
        "type":"Geometry",
        "version":3,
        "normals":4,
        "generator":"io_three",
        "uvs":1,
        "faces":16
    },
    "normals":[0,-1,0,-0,-1,0,0,-1,-0,0,-1,0]
}