{
    "uvs":[],
    "metadata":{
        "type":"Geometry",
        "uvs":0,
        "faces":32,
        "version":3,
        "generator":"io_three",
        "vertices":49,
        "normals":17
    },
    "faces":[32,40,39,16,0,0,0,32,48,47,16,0,0,0,32,41,40,16,0,0,0,32,33,34,16,0,0,0,32,34,48,16,0,0,0,32,42,41,16,0,0,0,32,35,33,16,0,0,0,32,43,42,16,0,0,0,32,36,35,16,0,0,0,32,44,43,16,0,0,0,32,37,36,16,0,0,0,32,45,44,16,0,0,0,32,38,37,16,0,0,0,32,46,45,16,0,0,0,32,39,38,16,0,0,0,32,47,46,16,0,0,0,33,6,7,24,25,1,2,2,1,33,14,15,32,17,3,4,4,3,33,7,8,23,24,2,5,5,2,33,0,1,30,31,6,7,7,6,33,15,0,31,32,4,6,6,4,33,8,9,22,23,5,8,8,5,33,1,2,29,30,7,9,9,7,33,9,10,21,22,8,10,10,8,33,2,3,28,29,9,11,11,9,33,10,11,20,21,10,12,12,10,33,3,4,27,28,11,13,13,11,33,11,12,19,20,12,14,14,12,33,4,5,26,27,13,15,15,13,33,12,13,18,19,14,16,16,14,33,5,6,25,26,15,1,1,15,33,13,14,17,18,16,3,3,16],
    "vertices":[0.196678,-2.07551e-08,-0.474822,-2.23517e-07,-2.24652e-08,-0.513944,-0.196678,-2.07551e-08,-0.474822,-0.363413,-1.58853e-08,-0.363413,-0.474822,-8.59705e-09,-0.196678,-0.513944,9.76996e-15,2.23517e-07,-0.474822,8.59707e-09,0.196678,-0.363413,1.58853e-08,0.363413,-0.196678,2.07551e-08,0.474822,5.96046e-08,2.24652e-08,0.513944,0.196678,2.07551e-08,0.474822,0.363413,1.58853e-08,0.363413,0.474822,8.59705e-09,0.196678,0.513944,-1.33227e-14,-3.27826e-07,0.474822,-8.59708e-09,-0.196678,0.363413,-1.58853e-08,-0.363414,-4.18911e-08,-1.11098e-15,-2.54163e-08,0.68451,1.61834,-0.283534,0.740908,1.61834,-5.47577e-07,0.68451,1.61834,0.283533,0.523901,1.61834,0.523901,0.283533,1.61834,0.68451,1.19209e-07,1.61834,0.740908,-0.283533,1.61834,0.68451,-0.523901,1.61834,0.523901,-0.68451,1.61834,0.283534,-0.740908,1.61834,2.86888e-07,-0.68451,1.61834,-0.283533,-0.523902,1.61834,-0.523901,-0.283534,1.61834,-0.68451,-2.98023e-07,1.61834,-0.740908,0.283533,1.61834,-0.68451,0.523901,1.61834,-0.523902,-2.23517e-07,-2.24652e-08,-0.513944,0.196678,-2.07551e-08,-0.474822,-0.196678,-2.07551e-08,-0.474822,-0.363413,-1.58853e-08,-0.363413,-0.474822,-8.59705e-09,-0.196678,-0.513944,9.76996e-15,2.23517e-07,-0.474822,8.59707e-09,0.196678,-0.363413,1.58853e-08,0.363413,-0.196678,2.07551e-08,0.474822,5.96046e-08,2.24652e-08,0.513944,0.196678,2.07551e-08,0.474822,0.363413,1.58853e-08,0.363413,0.474822,8.59705e-09,0.196678,0.513944,-1.33227e-14,-3.27826e-07,0.474822,-8.59708e-09,-0.196678,0.363413,-1.58853e-08,-0.363414],
    "normals":[0,-1,0,-0.914914,-0.138859,0.378948,-0.700247,-0.138859,0.700247,0.914914,-0.138859,-0.378948,0.700247,-0.138859,-0.700247,-0.378948,-0.138859,0.914914,0.378948,-0.138859,-0.914914,0,-0.138859,-0.990295,0,-0.138859,0.990295,-0.378948,-0.138859,-0.914914,0.378948,-0.138859,0.914914,-0.700247,-0.138859,-0.700247,0.700247,-0.138859,0.700247,-0.914914,-0.138859,-0.378948,0.914914,-0.138859,0.378948,-0.990295,-0.138859,0,0.990295,-0.138859,0]
}