{
    "uvs":[],
    "metadata":{
        "type":"Geometry",
        "uvs":0,
        "faces":14,
        "version":3,
        "generator":"io_three",
        "vertices":28,
        "normals":14
    },
    "faces":[33,0,10,11,15,0,0,1,1,33,12,14,15,11,2,2,1,1,32,13,14,12,2,2,2,33,10,0,16,17,0,0,3,3,33,19,18,17,16,4,4,3,3,33,21,20,18,19,5,5,4,4,33,23,22,20,21,6,6,5,5,33,1,9,22,23,7,7,6,6,33,24,25,9,1,8,8,7,7,33,26,27,8,2,9,9,10,10,33,4,6,7,3,11,11,12,12,32,5,6,4,13,11,11,33,2,8,25,24,10,10,8,8,33,3,7,27,26,12,12,9,9],
    "vertices":[0.276269,1.6183,-0.686379,0.317998,1.74286,-0.742931,0.553643,1.71793,-0.686378,0.743237,1.61988,-0.525331,0.864359,1.53826,-0.284307,0.90712,1.50125,2.62204e-07,0.86436,1.53826,0.284307,0.743236,1.61988,0.525331,0.553643,1.71793,0.686378,0.317998,1.74286,0.742931,0.276269,1.6183,0.686378,0.525332,1.61782,0.525331,0.686379,1.61782,0.284307,0.742931,1.61782,-4.8795e-07,0.686378,1.61782,-0.284308,0.525331,1.61782,-0.525332,0.220565,1.62322,-0.697046,0.220566,1.62322,0.697046,0.194385,1.64431,0.706469,0.194385,1.64431,-0.70647,0.198393,1.68404,0.716962,0.198393,1.68404,-0.716962,0.240609,1.72282,0.728776,0.240609,1.72282,-0.728776,0.435821,1.74212,-0.714655,0.43582,1.74212,0.714654,0.64913,1.67856,-0.605855,0.64913,1.67856,0.605855],
    "normals":[0.0569781,0.998352,0,0.00149541,0.999969,0,0,1,0,0.4138,0.910337,0,0.954039,0.299661,0,0.867397,-0.497574,0,0.450942,-0.892544,0,0.126072,-0.992004,0,-0.0896634,-0.995941,0,-0.426283,-0.904569,0,-0.26252,-0.964904,0,-0.565783,-0.824519,0,-0.535081,-0.844783,0,-0.654408,-0.756096,0]
}