{
    "metadata":{
        "type":"BufferGeometry",
        "version":3,
        "generator":"io_three",
        "position":20,
        "normal":20
    },
    "data":{
        "groups":[{
            "start":0,
            "materialIndex":0,
            "count":48
        }],
        "index":{
            "type":"Uint16Array",
            "array":[0,1,2,3,4,2,5,0,2,6,3,2,7,5,2,8,6,2,9,7,2,10,8,2,11,9,2,12,13,14,15,16,2,16,11,2,17,12,14,18,15,2,1,19,2,4,18,2],
            "itemSize":1
        },
        "attributes":{
            "position":{
                "type":"Float32Array",
                "array":[0.488775,1.34637,0.488775,0.264523,1.34637,0.638615,-5.60291e-08,1.34637,-8.99035e-08,-0.638616,1.34637,-0.264523,-0.488775,1.34637,-0.488775,0.638616,1.34637,0.264523,-0.691233,1.34637,2.54073e-07,0.691232,1.34637,-4.61183e-07,-0.638615,1.34637,0.264523,0.638615,1.34637,-0.264524,-0.488775,1.34637,0.488775,0.488775,1.34637,-0.488776,-0.264523,1.34637,0.638615,-0.488775,1.34637,0.488775,-5.60291e-08,1.34637,-8.99035e-08,-2.68221e-07,1.34637,-0.691233,0.264523,1.34637,-0.638616,1.49012e-08,1.34637,0.691232,-0.264523,1.34637,-0.638615,1.49012e-08,1.34637,0.691232],
                "itemSize":3
            },
            "normal":{
                "type":"Float32Array",
                "array":[0,-1,0,0,-1,0,0,-1,0,-0,-1,0,-0,-1,0,0,-1,0,-0,-1,0,0,-1,0,0,-1,0,0,-1,-0,0,-1,0,0,-1,-0,0,-1,0,0,-1,0,0,-1,0,0,-1,-0,0,-1,-0,0,-1,0,-0,-1,0,0,-1,0],
                "itemSize":3
            }
        }
    }
}